Handle,Title,Option1 Name,Option1 Value,Variant SKU,Variant Price,Variant Inventory Qty
grout-tile-stone-cleaner-spray-wipe,Grout Tile & Stone Cleaner (Spray & Wipe),Size,750ML Wholesale,GTS750U-W,10.88,100
grout-tile-stone-cleaner-concentrate,Grout Tile & Stone Cleaner Concentrate,Size,1 LTR Wholesale,GTS1U-W,12.70,100
grout-tile-stone-cleaner-concentrate,Grout Tile & Stone Cleaner Concentrate,Size,4 LTR Wholesale,GTS4U-W,45.35,100
grout-tile-stone-cleaner-concentrate,Grout Tile & Stone Cleaner Concentrate,Size,20 LTR Wholesale,GTS20D-W,181.40,100
eff-plus-remover,Eff-Plus Remover,Size,1 LTR Wholesale,EFFP1U-W,10.78,100
eff-plus-remover,Eff-Plus Remover,Size,4 LTR Wholesale,EFFP4U-W,32.99,100
eff-plus-remover,Eff-Plus Remover,Size,20 LTR Wholesale,EFFP20D-W,145.39,100
sure-clean-porcelain-paste-cleaner,Sure Clean Porcelain Paste Cleaner,Size,1 LTR Wholesale,SC1U-W,18.01,100
sure-clean-porcelain-paste-cleaner,Sure Clean Porcelain Paste Cleaner,Size,4 LTR Wholesale,SC4U-W,61.56,100
sure-clean-porcelain-paste-cleaner,Sure Clean Porcelain Paste Cleaner,Size,20 LTR Wholesale,SC20D-W,242.40,100
rug-carpet-textile-stain-remover,Rug Carpet & Textile Stain Remover,Size,750ML Wholesale,RCSR750U-W,10.88,100
grout-tile-stone-sealer-quick-drying-aerosol,Grout Tile & Stone Sealer (Quick Drying Aerosol),Size,300g Wholesale,QDAU-W,20.51,100
grout-tile-stone-sealer-slow-drying-aerosol,Grout Tile & Stone Sealer (Slow Drying Aerosol),Size,300g Wholesale,SDAU-W,21.28,100
rug-carpet-protector,Rug & Carpet Protector,Size,350g Wholesale,RCPAU-W,19.79,100
timber-sealer-aerosol,Timber Sealer (Aerosol),Size,300g Wholesale,TSAU-W,20.78,100
ezy-as-1-2-3-water-based-sealer,Ezy As 1-2-3 Water-Based Sealer,Size,1 LTR Wholesale,EA1U-W,20.94,100
ezy-as-1-2-3-water-based-sealer,Ezy As 1-2-3 Water-Based Sealer,Size,4 LTR Wholesale,EA4U-W,62.64,100
ezy-as-1-2-3-water-based-sealer,Ezy As 1-2-3 Water-Based Sealer,Size,20 LTR Wholesale,EA20D-W,244.27,100
consolidator-sealer-water-based,Consolidator Sealer Water-Based,Size,1 LTR Wholesale,CONS1U-W,38.70,100
consolidator-sealer-water-based,Consolidator Sealer Water-Based,Size,4 LTR Wholesale,CONS4U-W,128.19,100
consolidator-sealer-water-based,Consolidator Sealer Water-Based,Size,20 LTR Wholesale,CONS20D-W,538.13,100
timber-sealer-solvent,Timber Sealer (Solvent),Size,1 LTR Wholesale,TS1U-W,33.75,100
timber-sealer-solvent,Timber Sealer (Solvent),Size,4 LTR Wholesale,TS4U-W,111.64,100
timber-sealer-solvent,Timber Sealer (Solvent),Size,20 LTR Wholesale,TS20D-W,406.32,100
grout-tile-stone-sealer-quick-drying-solvent,Grout Tile & Stone Sealer (Quick Drying Solvent),Size,1 LTR Wholesale,QD1U-W,33.94,100
grout-tile-stone-sealer-quick-drying-solvent,Grout Tile & Stone Sealer (Quick Drying Solvent),Size,4 LTR Wholesale,QD4U-W,114.06,100
grout-tile-stone-sealer-quick-drying-solvent,Grout Tile & Stone Sealer (Quick Drying Solvent),Size,20 LTR Wholesale,QD20D-W,413.25,100
grout-tile-stone-sealer-slow-drying-solvent,Grout Tile & Stone Sealer (Slow Drying Solvent),Size,1 LTR Wholesale,SD1U-W,39.36,100
grout-tile-stone-sealer-slow-drying-solvent,Grout Tile & Stone Sealer (Slow Drying Solvent),Size,4 LTR Wholesale,SD4U-W,129.63,100
grout-tile-stone-sealer-slow-drying-solvent,Grout Tile & Stone Sealer (Slow Drying Solvent),Size,20 LTR Wholesale,SD20D-W,473.27,100
24-7-plus-stone-concrete-sealer,24/7 Plus Stone & Concrete Sealer,Size,1 LTR Wholesale,24P1U-W,31.74,100
24-7-plus-stone-concrete-sealer,24/7 Plus Stone & Concrete Sealer,Size,4 LTR Wholesale,24P4U-W,109.11,100
24-7-plus-stone-concrete-sealer,24/7 Plus Stone & Concrete Sealer,Size,20 LTR Wholesale,24P20D-W,473.27,100
premium-plus-sealer,Premium Plus Sealer,Size,1 LTR Wholesale,PP1U-W,43.87,100
premium-plus-sealer,Premium Plus Sealer,Size,4 LTR Wholesale,PP4U-W,144.29,100
premium-plus-sealer,Premium Plus Sealer,Size,20 LTR Wholesale,PP20D-W,594.48,100
