Handle,Title,Body (HTML),Vendor,Type,Tags,Published,Option1 Name,Option1 Value,Variant SKU,Variant Grams,Variant Inventory Tracker,Variant Inventory Qty,Variant Inventory Policy,Variant Fulfillment Service,Variant Price,Variant Compare At Price,Image Src
grout-tile-stone-cleaner-spray-wipe-wholesale,Grout Tile & Stone Cleaner (Spray & Wipe) - Wholesale,"Ready to use, fast acting stain remover. Safe for all surfaces (avoid unsealed polished stone). Great for everyday use.",Sure Seal,Cleaners,wholesale,TRUE,Size,750ML,GTS750U-W,1000,shopify,100,deny,manual,10.88,,https://suresealsealants.com.au/images/cleaner_gts750u_front.png
grout-tile-stone-cleaner-concentrate-wholesale,Grout Tile & Stone Cleaner Concentrate - Wholesale,Concentrated heavy duty cleaner. Cleans toughest stains. Great for dirt removal and cleaning concrete. Recommended for use on sealed surfaces.,Sure Seal,Cleaners,wholesale,TRUE,Size,1 LTR,GTS1U-W,1200,shopify,100,deny,manual,12.70,,https://suresealsealants.com.au/images/cleaner_gts1u_group.png
grout-tile-stone-cleaner-concentrate-wholesale,,,,,,,Size,4 LTR,GTS4U-W,4500,shopify,100,deny,manual,45.35,,
grout-tile-stone-cleaner-concentrate-wholesale,,,,,,,Size,20 LTR,GTS20D-W,21000,shopify,100,deny,manual,181.40,,
eff-plus-remover-wholesale,Eff-Plus Remover - Wholesale,"Removes efflorescence, grout haze, cement, and rust stains.",Sure Seal,Cleaners,wholesale,TRUE,Size,1 LTR,EFFP1U-W,1200,shopify,100,deny,manual,10.78,,https://suresealsealants.com.au/images/cleaner_effp1u_group.jpg
eff-plus-remover-wholesale,,,,,,,Size,4 LTR,EFFP4U-W,4500,shopify,100,deny,manual,32.99,,
eff-plus-remover-wholesale,,,,,,,Size,20 LTR,EFFP20D-W,21000,shopify,100,deny,manual,145.39,,
sure-clean-porcelain-paste-cleaner-wholesale,Sure Clean Porcelain Paste Cleaner - Wholesale,"Removes wax, grease, oil, and soap scum. Ideal for polished porcelain and natural stone.",Sure Seal,Cleaners,wholesale,TRUE,Size,1 LTR,SC1U-W,1200,shopify,100,deny,manual,18.01,,https://suresealsealants.com.au/images/cleaner_sc1u_group.png
sure-clean-porcelain-paste-cleaner-wholesale,,,,,,,Size,4 LTR,SC4U-W,4500,shopify,100,deny,manual,61.56,,
sure-clean-porcelain-paste-cleaner-wholesale,,,,,,,Size,20 LTR,SC20D-W,21000,shopify,100,deny,manual,242.40,,
rug-carpet-textile-stain-remover-wholesale,Rug Carpet & Textile Stain Remover - Wholesale,"Fast acting stain remover. Safe & easy to use. For rugs, carpet, car mats & more.",Sure Seal,Cleaners,wholesale,TRUE,Size,750ML,RCSR750U-W,1000,shopify,100,deny,manual,10.88,,https://suresealsealants.com.au/images/cleaner_rcsr750u_front.png
grout-tile-stone-sealer-quick-drying-aerosol-wholesale,Grout Tile & Stone Sealer (Quick Drying Aerosol) - Wholesale,World's First Aerosol Sealer. Used and recommended by many tilers & contractors. Long lasting stain protection. Resists water and oil based stains. Helps prevent mould & mildew.,Sure Seal,Aerosols,wholesale,TRUE,Size,300g,QDAU-W,400,shopify,100,deny,manual,20.51,,https://suresealsealants.com.au/images/sealer_gts300a_front.png
grout-tile-stone-sealer-slow-drying-aerosol-wholesale,Grout Tile & Stone Sealer (Slow Drying Aerosol) - Wholesale,Ideal for stone bench tops. Deep penetrating sealer. Long lasting stain protection. Resists water and oil based stains. Helps prevent mould & mildew.,Sure Seal,Aerosols,wholesale,TRUE,Size,300g,SDAU-W,400,shopify,100,deny,manual,21.28,,https://suresealsealants.com.au/images/sealer_sdau_front.png
rug-carpet-protector-wholesale,Rug & Carpet Protector - Wholesale,"Protects from oil and water-based stains. Will not affect dyes or cause shrinkage. Suitable for Oriental & Persian rugs & carpet, lounge suites & car upholstery.",Sure Seal,Aerosols,wholesale,TRUE,Size,350g,RCPAU-W,450,shopify,100,deny,manual,19.79,,https://suresealsealants.com.au/images/sealer_rcpau_front.png
timber-sealer-aerosol-wholesale,Timber Sealer (Aerosol) - Wholesale,Preserves & Extends. Quick drying & easy to apply. Suitable for raw & stained timber. Oil & stain resistant.,Sure Seal,Aerosols,wholesale,TRUE,Size,300g,TSAU-W,400,shopify,100,deny,manual,20.78,,https://suresealsealants.com.au/images/sealer_tsau_front.png
ezy-as-1-2-3-water-based-sealer-wholesale,Ezy As 1-2-3 Water-Based Sealer - Wholesale,"Create your own finish: Low sheen, semi-gloss or full gloss. Gloss up walls eg. natural stack stone walls. Will maintain a tough, durable finish that resists abrasion.",Sure Seal,Sealers,wholesale,TRUE,Size,1 LTR,EA1U-W,1200,shopify,100,deny,manual,20.94,,https://suresealsealants.com.au/images/sealer_ezyas1l_group.jpg
ezy-as-1-2-3-water-based-sealer-wholesale,,,,,,,Size,4 LTR,EA4U-W,4500,shopify,100,deny,manual,62.64,,
ezy-as-1-2-3-water-based-sealer-wholesale,,,,,,,Size,20 LTR,EA20D-W,21000,shopify,100,deny,manual,244.27,,
consolidator-sealer-water-based-wholesale,Consolidator Sealer Water-Based - Wholesale,Ideal around salt-water swimming pools. Hardens loose & friable surfaces. Helps prevent saltwater erosion. Binds stone.,Sure Seal,Sealers,wholesale,TRUE,Size,1 LTR,CONS1U-W,1200,shopify,100,deny,manual,38.70,,https://suresealsealants.com.au/images/sealer_sd1u_wb_group.jpg
consolidator-sealer-water-based-wholesale,,,,,,,Size,4 LTR,CONS4U-W,4500,shopify,100,deny,manual,128.19,,
consolidator-sealer-water-based-wholesale,,,,,,,Size,20 LTR,CONS20D-W,21000,shopify,100,deny,manual,538.13,,
timber-sealer-solvent-wholesale,Timber Sealer (Solvent) - Wholesale,Preserves & Protects. Suitable for raw & stained timber. Protects against water & oil staining. Invisible protection.,Sure Seal,Sealers,wholesale,TRUE,Size,1 LTR,TS1U-W,1200,shopify,100,deny,manual,33.75,,https://suresealsealants.com.au/images/sealer_24p1u_s_front.jpg
timber-sealer-solvent-wholesale,,,,,,,Size,4 LTR,TS4U-W,4500,shopify,100,deny,manual,111.64,,
timber-sealer-solvent-wholesale,,,,,,,Size,20 LTR,TS20D-W,21000,shopify,100,deny,manual,406.32,,
grout-tile-stone-sealer-quick-drying-solvent-wholesale,Grout Tile & Stone Sealer (Quick Drying Solvent) - Wholesale,Superior protection for porous surfaces. Works great for terracotta. Protects from mould and thaw damage. Ideal for low temperature application.,Sure Seal,Sealers,wholesale,TRUE,Size,1 LTR,QD1U-W,1200,shopify,100,deny,manual,33.94,,https://suresealsealants.com.au/images/sealer_qd1u_s_group.jpg
grout-tile-stone-sealer-quick-drying-solvent-wholesale,,,,,,,Size,4 LTR,QD4U-W,4500,shopify,100,deny,manual,114.06,,
grout-tile-stone-sealer-quick-drying-solvent-wholesale,,,,,,,Size,20 LTR,QD20D-W,21000,shopify,100,deny,manual,413.25,,
grout-tile-stone-sealer-slow-drying-solvent-wholesale,Grout Tile & Stone Sealer (Slow Drying Solvent) - Wholesale,Durable stain resistant protection for dense surfaces. Best for Marble & Granite application. Slower drying for greater penetration. Helps prevent mould and mildew.,Sure Seal,Sealers,wholesale,TRUE,Size,1 LTR,SD1U-W,1200,shopify,100,deny,manual,39.36,,https://suresealsealants.com.au/images/sealer_sd1u_s_group.jpg
grout-tile-stone-sealer-slow-drying-solvent-wholesale,,,,,,,Size,4 LTR,SD4U-W,4500,shopify,100,deny,manual,129.63,,
grout-tile-stone-sealer-slow-drying-solvent-wholesale,,,,,,,Size,20 LTR,SD20D-W,21000,shopify,100,deny,manual,473.27,,
24-7-plus-stone-concrete-sealer-wholesale,24/7 Plus Stone & Concrete Sealer - Wholesale,"Water-based. Excellent for garden walls, retaining walls, decorative concrete and benches. Life for up to 10 years. Allows the treated surface to breathe.",Sure Seal,Sealers,wholesale,TRUE,Size,1 LTR,24P1U-W,1200,shopify,100,deny,manual,31.74,,https://suresealsealants.com.au/images/sealer_24p1u_wb_group.jpg
24-7-plus-stone-concrete-sealer-wholesale,,,,,,,Size,4 LTR,24P4U-W,4500,shopify,100,deny,manual,109.11,,
24-7-plus-stone-concrete-sealer-wholesale,,,,,,,Size,20 LTR,24P20D-W,21000,shopify,100,deny,manual,473.27,,
premium-plus-sealer-wholesale,Premium Plus Sealer - Wholesale,"Gold Standard Sealer. Water-based, heavy duty penetrating sealer for commercial application. Promotes easier clean up. Long life sealer for up to 15 years. Ideal for high-traffic areas.",Sure Seal,Sealers,wholesale,TRUE,Size,1 LTR,PP1U-W,1200,shopify,100,deny,manual,43.87,,https://suresealsealants.com.au/images/sealer_pp1u_group.jpg
premium-plus-sealer-wholesale,,,,,,,Size,4 LTR,PP4U-W,4500,shopify,100,deny,manual,144.29,,
premium-plus-sealer-wholesale,,,,,,,Size,20 LTR,PP20D-W,21000,shopify,100,deny,manual,594.48,,
